GeoType,GeoID,GeoName,county_id,population,affectweather,affectweatherOppose,citizens,citizensOppose,congress,congressOppose,consensus,consensusOppose,corporations,corporationsOppose,devharm,devharmOppose,discuss,discussOppose,drillanwr,drillanwrOppose,drilloffshore,drilloffshoreOppose,exp,expOppose,fundrenewables,fundrenewablesOppose,futuregen,futuregenOppose,generaterenewable,generaterenewableOppose,governor,governorOppose,gwvoteimp,gwvoteimpOppose,happening,happeningOppose,harmplants,harmplantsOppose,harmus,harmusOppose,human,humanOppose,localofficials,localofficialsOppose,mediaweekly,mediaweeklyOppose,personal,personalOppose,president,presidentOppose,priority,prioritycleanenergy,prioritycleanenergyOppose,priorityOppose,rebates,rebatesOppose,reducetax,reducetaxOppose,regulate,regulateOppose,teachgw,teachgwOppose,timing,timingOppose,transitioneconomy,transitioneconomyOppose,worried,worriedOppose
county,25001,"Barnstable County, Massachusetts",1,196899,75.073,5.08,66.472,9.778,68.206,15.887,66.671,18.466,75.324,10.006,73.936,18.692,45.295,54.705,22.601,77.399,45.597,54.403,53.255,46.745,80.582,19.418,77.823,15.791,83.678,16.317,57.232,13.962,58.025,32.596,78.654,8.89,78.708,15.949,70.913,24.458,61.492,28.728,58.573,14.472,36.601,63.399,45.117,47.729,61.79,14.724,56.938,66.481,8.466,16.814,81.741,18.259,73.911,26.09,79.354,20.646,81.847,18.153,65.244,34.756,75.811,24.187,71.626,28.374
county,25003,"Berkshire County, Massachusetts",3,107025,75.465,4.917,65.241,13.325,66.136,19.487,65.81,18.48,72.728,13.354,72.36,20.18,43.736,56.264,25.663,74.337,46.594,53.406,53.332,46.669,82.08,17.92,77.03,16.89,83.483,16.515,57.088,17.104,57.043,33.978,77.148,13.216,75.91,19.302,69.1,26.581,65.508,22.502,56.648,16.882,35.475,64.525,46.324,46.856,61.581,16.848,60.665,68.629,9.602,20.342,80.368,19.632,73.182,26.818,78.914,21.086,81.986,18.014,63.196,36.804,73.735,26.26,70.472,29.528
county,25005,"Bristol County, Massachusetts",5,458550,72.605,5.524,64.266,11.819,67.872,16.614,61.514,20.617,72.911,13.335,71.785,18.181,38.02,61.98,26.856,73.144,49.193,50.807,49.471,50.529,80.308,19.692,77.377,14.886,82.208,17.792,58.403,15.998,62.336,29.525,77.812,11.703,77.045,15.522,69.328,24.336,66.872,24.223,59.548,16.351,31.17,68.83,43.601,47.143,60.139,14.741,61.516,69.785,9.25,15.941,78.429,21.571,71.471,28.528,79.675,20.325,79.576,20.424,66.54,33.46,68.686,31.313,66.09,33.911
county,25007,"Dukes County, Massachusetts",7,17161,74.64,4.937,66.263,11.583,65.881,18.025,67.845,17.843,73.046,12.545,73.849,18.22,43.844,56.157,26.221,73.778,45.04,54.959,54.073,45.927,81.464,18.536,77.736,15.288,81.279,18.721,57.067,16.025,61.042,30.862,77.303,10.698,77.878,16.024,69.077,26.264,65.208,24.302,57.706,15.737,36.522,63.478,45.045,47.895,61.179,15.765,57.882,67.573,9.213,19.651,79.713,20.287,72.119,27.882,78.751,21.249,81.507,18.493,62.808,37.192,72.78,27.216,69.449,30.551
county,25009,"Essex County, Massachusetts",9,637841,71.242,5.227,67.101,12.9,63.206,20.873,62.724,20.056,69.628,15.256,75.587,16.531,39.35,60.65,26.532,73.468,49.358,50.642,47.983,52.017,79.946,20.054,76.24,15.32,78.553,21.445,56.903,18.228,69.235,24.328,74.02,10.306,78.437,13.51,68.469,24.734,61.609,25.959,58.229,16.911,32.897,67.103,47.402,45.634,64.185,18.609,58.272,62.144,10.986,20.367,79.203,20.797,74.344,25.656,77.412,22.588,78.898,21.102,60.331,39.669,71.654,28.344,71.437,28.563
county,25011,"Franklin County, Massachusetts",11,58946,77.184,4.453,68.579,10.455,71.559,15.034,68.022,17.014,75.955,11.11,74.987,17.341,45.038,54.962,23.763,76.237,43.464,56.536,55.477,44.523,83.322,16.679,78.896,14.487,83.991,16.005,61.498,13.424,62.562,29.174,80.64,9.463,80.118,14.256,71.445,23.814,69.131,22.283,60.862,14.133,35.8,64.2,45.347,46.513,66.204,13.996,64.101,72.056,7.765,15.325,82.259,17.742,75.039,24.962,81.727,18.273,83.235,16.764,66.897,33.103,76.217,23.781,73.28,26.72
county,25013,"Hampden County, Massachusetts",13,365305,70.507,4.949,60.669,13.212,61.377,18.804,62.585,19.68,67.858,16.556,65.098,22.474,38.647,61.353,25.574,74.426,48.068,51.933,53.5,46.5,75.43,24.57,73.408,17.07,79.186,20.811,56.295,17.035,59.951,31.063,73.958,11.793,76.252,15.704,65.091,27.856,61.605,28.554,56.105,16.256,29.338,70.662,43.58,46.792,59.042,17.586,54.925,66.986,9.745,19.458,77.726,22.274,69.138,30.863,75.891,24.109,79.819,20.181,59.878,40.122,71.896,28.103,63.263,36.737
county,25015,"Hampshire County, Massachusetts",15,133245,78.357,4.134,68.022,10.451,71.896,13.835,70.366,16.343,78.292,10.534,76.757,15.624,43.214,56.786,22.14,77.86,39.853,60.147,57.056,42.944,84.621,15.379,81.873,11.854,84.299,15.698,60.829,13.261,63.847,28.417,83.939,8.633,81.882,13.361,72.701,23.76,68.577,21.589,62.831,13.381,37.772,62.228,45.802,48.395,64.649,12.845,62.773,73.707,8.257,15.729,83.35,16.65,74.773,25.228,83.088,16.912,84.037,15.963,67.553,32.447,77.697,22.301,71.356,28.644
county,25017,"Middlesex County, Massachusetts",17,1304430,74.831,4.638,68.952,9.675,71.044,14.1,70.914,14.601,76.575,11.515,77.345,14.492,49.907,50.093,24.023,75.977,43.128,56.872,58.645,41.355,87.067,12.933,80.425,12.684,87.334,12.667,61.361,13.126,60.493,31.485,79.049,9.1,80.632,13.28,74.475,19.888,68.182,22.338,58.281,15,38.621,61.379,51.9,40.981,66.153,13.55,62.106,76.245,6.355,15.252,81.67,18.33,73.565,26.436,80.741,19.259,85.721,14.279,67.636,32.364,78.339,21.659,74.697,25.303
county,25019,"Nantucket County, Massachusetts",19,11358,75.514,4.837,66.758,11.368,67.233,17.186,67.749,17.946,73.615,12.042,74.245,17.539,43.619,56.381,26.298,73.702,45.305,54.695,54.696,45.304,81.898,18.101,78.212,14.683,81.736,18.263,58.377,15.819,61.156,30.687,78.216,10.015,78.253,15.629,69.904,25.067,65.601,24.691,58.829,15.355,35.544,64.456,46.01,46.378,62.078,15.277,58.952,68.016,8.914,18.344,81.001,18.999,72.805,27.196,79.548,20.452,82.261,17.739,63.831,36.169,73.751,26.245,70.493,29.507
county,25021,"Norfolk County, Massachusetts",21,574797,76.547,4.229,69.647,11.041,71.41,16.608,71.511,14.626,76.757,12.168,74.542,15.706,45.306,54.695,23.846,76.154,41.767,58.233,57.144,42.856,83.156,16.844,78.407,14.795,83.311,16.691,62.432,16.945,62.39,29.963,79.341,10.221,77.35,15.632,72.055,23.206,67.17,23.492,60.06,16.117,35.249,64.751,49.965,43.941,65.832,14.686,61.312,68.03,8.068,19.213,80.833,19.167,73.144,26.857,80.394,19.606,81.754,18.246,65.537,34.463,73.244,26.753,73.994,26.007
county,25023,"Plymouth County, Massachusetts",23,420470,75.341,4.518,66.96,12.957,69.08,16.148,64.847,19.938,73.649,12.771,72.299,18.303,39.214,60.786,30.129,69.871,44.728,55.272,55.064,44.936,79.986,20.014,76.949,14.489,83.287,16.713,59.001,15.308,62.556,29.591,77.726,11.29,77.683,14.636,69.526,23.289,67.003,23.759,60.46,15.004,34.148,65.852,47.36,44.627,64.207,13.589,58.501,70.636,8.904,16.74,81.375,18.625,70.439,29.562,80.386,19.614,81.121,18.879,66.141,33.859,73.866,26.128,68.709,31.291
county,25025,"Suffolk County, Massachusetts",25,655679,80.278,3.665,73.688,8.054,76.152,11.542,76.035,12.011,78.942,9.621,81.101,11.868,49.226,50.774,19.498,80.502,38.496,61.504,61.481,38.519,84.834,15.166,83.057,10.178,87.659,12.342,67.617,9.928,70.395,23.203,83.308,6.542,85.097,9.787,78.448,15.574,74.751,18.277,68.218,11.219,33.551,66.449,55.451,37.097,70.887,10.108,72.311,76.027,7.009,11.148,83.54,16.46,78.763,21.238,83.831,16.169,85.151,14.849,68.657,31.343,81.934,18.065,79.028,20.972
county,25027,"Worcester County, Massachusetts",27,682296,67.993,4.608,60.773,14.125,59.4,22.202,61.935,16.584,66.358,16.196,68.767,19.967,34.028,65.972,34.899,65.101,53.927,46.073,47.527,52.473,78.57,21.43,71.718,16.279,78.294,21.705,51.611,19.527,64.397,28.216,72.166,11.776,72.154,18.096,63.727,28.206,61.136,24.907,53.553,18.407,32.819,67.181,41.61,48.2,55.67,20.73,49.739,62.048,12.381,21.211,78.902,21.098,72.023,27.977,75.764,24.236,77.472,22.528,58.225,41.775,72.238,27.759,65.486,34.514
cd,2501,"Congressional District 1 (118th Congress), Massachusetts",,622553,70.276,5.159,60.17,14.197,61.686,19.546,62.696,19.368,68.501,16.438,65.872,22.132,37.884,62.116,26.807,73.193,49.284,50.716,51.25,48.75,77.564,22.436,73.092,16.873,79.322,20.677,54.722,18.234,58.101,33.405,73.759,12.877,74.535,17.177,64.076,27.98,60.878,27.152,55.192,17.268,30.454,69.546,43.81,46.692,57.571,18.154,54.771,65.826,10.5,21.25,77.237,22.763,69.788,30.211,76.575,23.425,79.079,20.921,59.342,40.658,71.756,28.243,63.385,36.615
cd,2502,"Congressional District 2 (118th Congress), Massachusetts",,620764,74.584,4.617,64.046,12.582,65.622,19.139,66.623,17.189,72.965,13.787,74.855,17.134,39.782,60.218,32.218,67.782,48.323,51.677,53.946,46.054,81.191,18.809,77.203,15.039,81.848,18.151,57.044,17.023,65.153,27.314,77.315,10.611,77.89,16.03,69.492,25.691,64.548,23.468,57.506,15.712,33.619,66.381,45.452,47.998,61.567,16.201,57.707,67.853,9.945,18.78,82.084,17.917,72.793,27.207,79.99,20.01,80.594,19.406,62.784,37.216,76.747,23.253,70.371,29.629
cd,2503,"Congressional District 3 (118th Congress), Massachusetts",,607150,70.607,5.192,64.572,10.481,63.616,14.91,61.918,18.255,70.066,12.25,71.269,20.004,38.005,61.995,29.115,70.885,51.689,48.311,52.286,47.714,81.363,18.637,76.094,15.33,82.17,17.83,55.459,14.988,60.586,31.004,73.316,10.477,75.869,16.842,67.206,26.961,64.036,24.692,54.275,15.213,31.66,68.34,45.082,47.715,60.721,14.692,55.328,65.293,9.214,19.564,79.702,20.298,71.242,28.757,78.099,21.901,79.53,20.47,58.879,41.121,74.43,25.57,68.713,31.287
cd,2504,"Congressional District 4 (118th Congress), Massachusetts",,613892,75.049,4.63,67.976,10.745,70.436,14.884,69.699,16.302,74.727,11.961,74.84,15.526,42.575,57.425,23.597,76.403,43.239,56.761,52.708,47.292,81.62,18.38,79.265,13.291,84.1,15.9,61.322,14.555,66.537,26.241,78.884,9.555,78.665,14.334,72.069,22.158,70.02,21.953,58.661,15.134,34.184,65.816,45.184,46.511,62.902,13.927,61.324,68.521,8.625,16.091,79.941,20.059,74.442,25.558,80.503,19.497,82.988,17.012,68.253,31.747,75.05,24.95,71.764,28.236
cd,2505,"Congressional District 5 (118th Congress), Massachusetts",,623870,79.448,3.683,72.274,8.799,72.32,12.624,73.985,13.316,78.593,10.277,79.065,13.382,50.165,49.835,21.975,78.024,41.996,58.004,60.17,39.83,86.361,13.639,82.524,10.628,86.963,13.037,63.225,11.619,65.219,26.837,81.008,8.348,82.589,10.941,75.08,19.392,70.368,20.386,61.927,12.311,40.269,59.731,54.791,37.849,66.385,11.975,65.805,75.368,6.286,12.703,83.043,16.957,76.912,23.088,83.08,16.92,87.409,12.592,70.455,29.545,82.303,17.698,76.602,23.398
cd,2506,"Congressional District 6 (118th Congress), Massachusetts",,621531,69.118,5.344,64.403,13.488,63.565,22.057,61.863,20.647,69.531,15.377,72.721,18.24,40.851,59.149,29.598,70.402,49.008,50.992,49.874,50.126,81.06,18.94,75.576,16.333,77.75,22.251,56.798,19.393,63.693,28.665,74.764,12.074,76.532,16.025,67.344,26.363,60.282,27.395,57.639,17.487,33.089,66.911,46.672,45.865,61.823,19.741,55.363,62.808,10.999,22.436,78.402,21.598,71.678,28.322,76.964,23.036,77.334,22.666,58.756,41.244,71.978,28.022,68.107,31.893
cd,2507,"Congressional District 7 (118th Congress), Massachusetts",,642878,83.586,2.882,75.301,7.502,78.444,9.406,77.693,10.079,80.981,8.942,82.855,9.809,51.77,48.23,18.331,81.668,36.591,63.408,66.812,33.188,87.206,12.794,85.027,7.973,88.219,11.78,70.286,8.894,70.796,21.813,85.246,4.706,85.928,8.183,80.11,13.683,77.754,15.884,70.059,9.866,35.041,64.959,59.859,32.009,74.401,8.352,74.755,79.15,5.475,8.869,86.059,13.941,83.501,16.499,86.174,13.826,88.379,11.621,73.412,26.588,87.792,12.208,81.792,18.208
cd,2508,"Congressional District 8 (118th Congress), Massachusetts",,631913,79.024,3.784,71.124,10.41,72.051,13.867,71.566,14.157,77.395,11.74,77.625,14.476,49.179,50.821,23.248,76.752,37.974,62.026,61.006,38.994,82.981,17.018,81.029,11.68,84.22,15.78,65.052,13.071,68.549,24.218,82.071,8.459,81.613,12.223,75.433,19.603,69.976,19.887,62.958,13.234,36.415,63.585,52.961,39.985,69.287,12.614,64.572,72.558,6.778,14.853,83.206,16.794,75.121,24.879,82.947,17.053,84.207,15.793,69.505,30.495,80.478,19.522,76.188,23.812
cd,2509,"Congressional District 9 (118th Congress), Massachusetts",,639445,72.739,5.559,64.215,11.165,65.668,17.27,64.586,20.816,72.899,11.237,71.424,20.124,39.812,60.188,29.81,70.19,50.578,49.422,50.618,49.382,79.895,20.105,76.075,16.323,81.301,18.698,55.282,15.502,55.89,35.21,76.731,10.759,76.227,16.388,67.079,27.022,60.871,29.149,56.951,15.893,36.484,63.516,43.607,49.043,59.497,14.746,54.813,67.905,9.27,17.653,81.017,18.983,69.718,30.282,78.961,21.039,78.576,21.424,63.102,36.898,71.46,28.539,67.302,32.699
cbsa,15940,"Canton-Massillon, OH Metro Area",,314122,60.502,7.071,54.184,17.364,55.227,25.357,49.565,25.492,63.714,15.841,60.347,24.876,31.234,68.766,39.357,60.644,60.574,39.426,39.195,60.805,72.257,27.743,65.002,21.596,75.564,24.436,51.273,20.312,49.908,40.213,65.321,17.019,63.19,24.231,56.18,32.79,53.077,32.679,49.251,20.451,25.65,74.35,36.028,53.179,50.234,24.051,45.532,55.686,15.147,30.138,73.86,26.14,60.514,39.486,70.941,29.059,71.042,28.958,50.727,49.273,56.866,43.134,56.797,43.203
cbsa,32390,"Massena-Ogdensburg, NY Micro Area",,86108,63.717,6.267,57.537,15.864,57.12,24.141,53.205,24.659,66.055,15.354,63.519,25.425,32.266,67.733,35.541,64.459,57.25,42.749,41.576,58.424,75.965,24.034,68.47,21.209,73.705,26.295,51.221,23.64,52.126,37.626,68.611,16.847,68.015,22.847,58.814,32.956,55.611,32.187,51.951,20.217,28.542,71.458,37.957,51.783,53.603,21.729,47.768,59.237,14.08,27.26,75.152,24.848,63.369,36.631,74.191,25.809,74.379,25.62,53.745,46.255,57.062,42.938,58.783,41.217
